mpn,manufacturer,family,kind
ESP32-S3-WROOM-1-N8R8,Espressif,ESP32-S3-WROOM-1,module
ESP32-S3-DEVKITC-1-N8R8,Espressif,ESP32-S3-DevKitC-1,dev board
"PCA9685PW,118",NXP,PCA9685,PWM driver
INA226AIDGSR,Texas Instruments,INA226,current monitor
INA219AIDCNR,Texas Instruments,INA219,current monitor
ADS1115IDGSR,Texas Instruments,ADS1115,ADC
TCA9548APWR,Texas Instruments,TCA9548A,I2C mux
TXS0108EPWR,Texas Instruments,TXS0108E,level shifter
SN74LVC1G17DBVR,Texas Instruments,SN74LVC1G17,logic
TPS54331DR,Texas Instruments,TPS54331,buck
LMR33630ADDAR,Texas Instruments,LMR33630,buck
LM1117IMP-3.3/NOPB,Texas Instruments,LM1117,LDO
DRV8833PWPR,Texas Instruments,DRV8833,motor driver
BQ24075RGTR,Texas Instruments,BQ2407,charger
TPD4E05U06DQAR,Texas Instruments,TPD4E05U06,ESD
ICM-20948,TDK InvenSense,ICM-20948,IMU
BNO055,Bosch,BNO055,IMU
LSM6DSOXTR,STMicroelectronics,LSM6DSOX,IMU
VL53L1CXV0FY/1,STMicroelectronics,VL53L1,ToF sensor
USBLC6-2SC6,STMicroelectronics,USBLC6-2,ESD
MP1584EN-LF-Z,Monolithic Power Systems,MP1584,buck
AP63205WU-7,Diodes Incorporated,AP63205,buck
AP2112K-3.3TRG1,Diodes Incorporated,AP2112,LDO
1N5819HW-7-F,Diodes Incorporated,1N5819HW,Schottky
MCP1700T-3302E/TT,Microchip,MCP1700,LDO
MCP73831T-2ACI/OT,Microchip,MCP73831,charger
MCP6002T-I/SN,Microchip,MCP6002,op amp
MAX17048G+T10,Analog Devices,MAX17048,fuel gauge
DS3231SN#T&R,Analog Devices,DS3231,RTC
CP2102N-A02-GQFN28R,Silicon Labs,CP2102N,USB-UART
SI2301CDS-T1-GE3,Vishay,Si2301CDS,P-MOSFET
SI2302CDS-T1-GE3,Vishay,Si2302CDS,N-MOSFET
SS34-E3/57T,Vishay,SS34,Schottky
SMBJ15A-E3/52,Vishay,SMBJ,TVS
WSL2512R0100FEA,Vishay,WSL2512,shunt
IRLML6402TRPBF,Infineon,IRLML6402,P-MOSFET
BSS138LT1G,onsemi,BSS138,N-MOSFET
BAT54SLT1G,onsemi,BAT54,Schottky
AO3401A,Alpha & Omega,AO3401A,P-MOSFET
B2B-XH-A(LF)(SN),JST,XH,connector
SM04B-SRSS-TB(LF)(SN),JST,SH,connector
61300311121,Wurth Elektronik,WR-PHD,pin header
PPPC081LFBN-RC,Sullins,PPPC,socket
RC0603FR-0710KL,Yageo,RC0603,resistor
GRM188R71C104KA01D,Murata,GRM188R71C104KA01,capacitor
CL21A226MAQNNNE,Samsung Electro-Mechanics,CL21A226MAQNNN,capacitor
EEE-FK1V101P,Panasonic,EEE-FK,capacitor
XAL4030-472MEC,Coilcraft,XAL4030,inductor
SRP1038A-100M,Bourns,SRP1038A,inductor
APT1608SGC,Kingbright,APT1608SGC,LED
ABM8-16.000MHZ-B2-T,Abracon,ABM8,crystal
0ZCJ0050FF2E,Bel Fuse,0ZCJ,PTC fuse
